{
  "Green": "#00d66c",
  "Green_hsl": [150.2803738317757, 100, 41.96078431372549],
  "Green_rgb": [0, 214, 108],
  "GreenDark": "#1e9162",
  "GreenDark_hsl": [155.47826086956522, 65.71428571428571, 34.31372549019608],
  "GreenDark_rgb": [30, 145, 98],
  "GreenLight": "#4de298",
  "GreenLight_hsl": [150.2013422818792, 71.9806763285024, 59.411764705882355],
  "GreenLight_rgb": [77, 226, 152],
  "Ruby": "#ff3268",
  "Ruby_hsl": [344.1951219512195, 100, 59.80392156862745],
  "Ruby_rgb": [255, 50, 104],
  "RubyDark": "#ca2b55",
  "RubyDark_hsl": [344.1509433962264, 64.89795918367346, 48.0392156862745],
  "RubyDark_rgb": [202, 43, 85],
  "RubyLight": "#ff658e",
  "RubyLight_hsl": [344.02597402597405, 100, 69.80392156862744],
  "RubyLight_rgb": [255, 101, 142],
  "Blue": "#2800a0",
  "Blue_hsl": [255, 100, 31.372549019607842],
  "Blue_rgb": [40, 0, 160],
  "BlueDark": "#120145",
  "BlueDark_hsl": [255, 97.14285714285715, 13.72549019607843],
  "BlueDark_rgb": [18, 1, 69],
  "BlueLight": "#5e40b8",
  "BlueLight_hsl": [255, 48.38709677419355, 48.627450980392155],
  "BlueLight_rgb": [94, 64, 184],
  "Champagne": "#f3e5d8",
  "Champagne_hsl": [28.888888888888925, 52.94117647058819, 89.99999999999999],
  "Champagne_rgb": [243, 229, 216],
  "GrayDarkest": "#202020",
  "GrayDarkest_hsl": [0, 0, 12.549019607843137],
  "GrayDarkest_rgb": [32, 32, 32],
  "GrayDarker": "#606060",
  "GrayDarker_hsl": [0, 0, 37.64705882352941],
  "GrayDarker_rgb": [96, 96, 96],
  "GrayDark": "#909090",
  "GrayDark_hsl": [0, 0, 56.470588235294116],
  "GrayDark_rgb": [144, 144, 144],
  "GrayMid": "#cccccc",
  "GrayMid_hsl": [0, 0, 80],
  "GrayMid_rgb": [204, 204, 204],
  "GrayLight": "#e6e6e6",
  "GrayLight_hsl": [0, 0, 90.19607843137256],
  "GrayLight_rgb": [230, 230, 230],
  "GrayLigher": "#f7f7f7",
  "GrayLigher_hsl": [0, 0, 96.86274509803921],
  "GrayLigher_rgb": [247, 247, 247],
  "GrayLightest": "#f0f0f0",
  "GrayLightest_hsl": [0, 0, 94.11764705882352],
  "GrayLightest_rgb": [240, 240, 240],
  "Black": "#000000",
  "Black_hsl": [0, 0, 0],
  "Black_rgb": [0, 0, 0],
  "White": "#ffffff",
  "White_hsl": [0, 0, 100],
  "White_rgb": [255, 255, 255]
}
